"","beef","chicken","pork","farmedfish","total"
"Tax (USD/kg)",1,1,1,1,NA
"Δ Consumer price (USD/kg)",0.56681582218374,0.360148368347526,0.625696078983099,1.02291754789367,NA
"Δ Consumer price (%)",0.0766858541255702,0.0785544023267665,0.0692931192601192,0.0553571744402235,NA
"Δ Producer price (USD/kg)",-0.43318417781626,-0.639851631652474,-0.374303921016901,0.0229175478936696,NA
"Δ Producer price (%)",-0.0586065126790946,-0.139562377397098,-0.0414525312044588,0.00124022771835753,NA
"Δ Consumption (kg)",-0.909038270553481,-1.02206598880019,-0.610004852741959,0.00455036837683664,-2.5365587437188
"Δ Consumption (%)",-0.0359371653072189,-0.0331098327210459,-0.0276374597005829,0.000875441220677334,-0.0304021109590606
"Tax revenue (USD)",24.3861752718145,29.8468905961278,21.461663793747,5.20235036837684,80.8970800300662
"Δ Emissions (kg CO2-eq.)",-76.7773723309469,-10.0877913094579,-7.50915973725353,0.0620215209762875,-94.3123018566821
"Δ Emissions (%)",-0.0359371653072189,-0.0331098327210458,-0.0276374597005829,0.000875441220677391,-0.0338807000674898
"Δ Direct deaths",-0.00479337303502908,-0.949505447180474,-0.0126263630721551,0.00273786094192419,-0.964187322345734
"Δ Direct deaths (%)",-0.035937165307219,-0.0331098327210459,-0.0276374597005829,0.000875441220677393,-0.0297633765110633
"Δ Total deaths",-0.00522515929884873,-1.09598459798467,-0.508556426574302,0.0270931241883758,-1.58267305966944
"Δ Total deaths (%)",-0.0359371653072189,-0.033109832721046,-0.0276374597005829,0.000875441220677343,-0.0191616583829001
"Δ Direct time in agriculture (days)",-5.26312359246194,-46.5257669118432,-2.12122899612206,0.892875436552686,-53.0172440638745
"Δ Direct time in agriculture (%)",-0.035937165307219,-0.0331098327210459,-0.0276374597005828,0.000875441220677301,-0.0200192357104774
"Δ Total time in agriculture (days)",-5.40400928197107,-47.3623505371445,-2.71706434862874,0.981022656021423,-54.5024015117229
"Δ Total time in agriculture (%)",-0.0359371653072189,-0.0331098327210458,-0.0276374597005829,0.000875441220677268,-0.01946687988742
"SCAU threshold (direct deaths)",NA,NA,NA,NA,NA
"SCAU threshold (total deaths)",NA,NA,NA,NA,NA
"SCAU threshold (direct time)",NA,NA,NA,NA,NA
"SCAU threshold (total time)",NA,NA,NA,NA,NA
