"","beef","chicken","pork","farmedfish","total"
"Tax (USD/kg)",5,5,5,5,NA
"Δ Consumer price (USD/kg)",2.78942662227974,1.84695522266375,2.83980929039589,3.45661847487879,NA
"Δ Consumer price (%)",0.377388129756168,0.402851925461589,0.314496527060244,0.187061637842833,NA
"Δ Producer price (USD/kg)",-2.21057337772026,-3.15304477733625,-2.16019070960411,-1.54338152512121,NA
"Δ Producer price (%)",-0.299073704267156,-0.687731973157731,-0.239231725262646,-0.0835230957664969,NA
"Δ Consumption (kg)",-4.90058516996631,-7.08434222133718,-3.65444117391252,-0.310405886670211,-15.9497744518862
"Δ Consumption (%)",-0.193735671049312,-0.229497301013283,-0.165571585567177,-0.0597187053503812,-0.191167192109781
"Tax revenue (USD)",101.973141862008,118.923071817954,92.0861373628824,24.4369705666489,337.419321609494
"Δ Emissions (kg CO2-eq.)",-413.903423455354,-69.922457724598,-44.9861708508632,-4.23083223531498,-533.04288426613
"Δ Emissions (%)",-0.193735671049312,-0.229497301013283,-0.165571585567177,-0.0597187053503812,-0.191490036075828
"Δ Direct deaths",-0.0258408623382571,-6.58139650723206,-0.0756425147771264,-0.186764693070512,-6.86964457741795
"Δ Direct deaths (%)",-0.193735671049312,-0.229497301013283,-0.165571585567177,-0.0597187053503812,-0.212058189644563
"Δ Total deaths",-0.0281686030171853,-7.59670123702344,-3.04667993406458,-1.84817239834224,-12.5197221724474
"Δ Total deaths (%)",-0.193735671049312,-0.229497301013283,-0.165571585567177,-0.0597187053503812,-0.151578140445104
"Δ Direct time in agriculture (days)",-28.3732668474064,-322.488428854371,-12.7079424825572,-60.9079899948391,-424.477628179173
"Δ Direct time in agriculture (%)",-0.193735671049312,-0.229497301013283,-0.165571585567177,-0.0597187053503812,-0.160282146731454
"Δ Total time in agriculture (days)",-29.1327753775023,-328.287119705398,-16.2774964546043,-66.9210011514745,-440.618392688979
"Δ Total time in agriculture (%)",-0.193735671049312,-0.229497301013283,-0.165571585567177,-0.0597187053503811,-0.157377750131239
"SCAU threshold (direct deaths)",NA,NA,NA,NA,NA
"SCAU threshold (total deaths)",NA,NA,NA,NA,NA
"SCAU threshold (direct time)",NA,NA,NA,NA,NA
"SCAU threshold (total time)",NA,NA,NA,NA,NA
