"","beef","chicken","pork","farmedfish","total"
"Tax (USD/kg)",2.1115,0.24675,0.30775,0.34075,NA
"Δ Consumer price (USD/kg)",1.01753516604603,0.195073516560495,0.3666759600072,0.627188964774803,NA
"Δ Consumer price (%)",0.137664740921345,0.042548807241585,0.0406077677007209,0.0339415517912603,NA
"Δ Producer price (USD/kg)",-1.09396483395397,-0.0516764834395049,0.0589259600071994,0.286438964774803,NA
"Δ Producer price (%)",-0.148005091586705,-0.0112715081552784,0.00652579377024701,0.0155012021957844,NA
"Δ Consumption (kg)",-2.33990303282269,-0.078281636164462,0.0952464203101577,0.0567551759679414,-2.26618307270906
"Δ Consumption (%)",-0.0925037864931835,-0.00253593398756742,0.00431532485539143,0.0109190765262114,-0.0271615035136295
"Tax revenue (USD)",48.4701381409049,7.5975990436074,6.82186811180744,1.79048967621108,64.6800949725308
"Δ Emissions (kg CO2-eq.)",-197.628210152204,-0.77263974894322,1.17248343401803,0.773573048443055,-196.454793418687
"Δ Emissions (%)",-0.0925037864931834,-0.00253593398756735,0.0043153248553914,0.0109190765262115,-0.0705743132296119
"Δ Direct deaths",-0.0123383453320244,-0.0727241105435965,0.00197148576565159,0.0341483956168562,-0.0489425744931131
"Δ Direct deaths (%)",-0.0925037864931836,-0.00253593398756738,0.00431532485539152,0.0109190765262113,-0.00151080214217642
"Δ Total deaths",-0.0134497814739017,-0.0839431783088784,0.0794062193754677,0.337923197308591,0.319936456901278
"Δ Total deaths (%)",-0.0925037864931836,-0.00253593398756757,0.00431532485539144,0.0109190765262113,0.00387351832011227
"Δ Direct time in agriculture (days)",-13.5475031745628,-3.56348141663625,0.331209608629464,11.1365274901614,-5.64324749240818
"Δ Direct time in agriculture (%)",-0.0925037864931835,-0.0025359339875674,0.00431532485539148,0.0109190765262114,-0.00213088220102445
"Δ Total time in agriculture (days)",-13.9101489099982,-3.62755666783801,0.424243597073001,12.2359573687404,-4.87750461202276
"Δ Total time in agriculture (%)",-0.0925037864931836,-0.00253593398756751,0.00431532485539139,0.0109190765262114,-0.00174212133408766
"SCAU threshold (direct deaths)",NA,NA,NA,NA,NA
"SCAU threshold (total deaths)",NA,NA,NA,NA,0.614043161324706
"SCAU threshold (direct time)",NA,NA,NA,NA,NA
"SCAU threshold (total time)",NA,NA,NA,NA,NA
